holdout_city,train_r2,test_r2,test_mae,test_rmse,p5cm_pct,p10cm_pct,p20cm_pct,p30cm_pct,raw_r2,raw_mae,raw_p10,raw_p20,fold_seconds
ahmedabad,0.70481944,0.6528417,0.16582424938678741,0.29825830459594727,46.036499436302144,59.48421645997746,73.42516910935738,81.53537204058624,0.6520977,0.16941414773464203,57.958709131905294,73.04819616685457,1827.2423028945923
bangalore,0.72943807,0.21627158,0.3292064070701599,0.5462587475776672,29.135172081055,41.88947410743004,57.06718398198778,66.13058861370216,0.21692824,0.3326227068901062,41.163758443229334,56.6299453200386,1196.0783686637878
bhopal,0.7110677,0.7060452,0.17536786198616028,0.3178282082080841,45.233723699880905,59.35391028185788,73.32026597856293,80.88527193330687,0.70349354,0.17952799797058105,57.90740373163954,73.01260420801906,1639.8372614383698
chennai,0.7064857,0.72121036,0.1546483337879181,0.2796245217323303,47.184192360791535,60.987114588127014,75.03739070409571,83.02749654855039,0.719375,0.15901264548301697,58.95938794293604,74.68361711919006,1505.724468946457
coimbatore,0.7011845,0.7375766,0.15450230240821838,0.27874359488487244,48.49421064350924,61.11389445557782,74.874749498998,82.56791360498775,0.7363728,0.15781652927398682,59.76118904475618,74.48786461812514,1562.645545721054
delhi,0.704548,0.65459913,0.1687646210193634,0.30770936608314514,45.48881735005083,59.2045069467977,73.5343951202982,81.70958996950186,0.65115094,0.17367160320281982,57.33226025076246,72.92443239579804,1545.5384538173676
hyderabad,0.7164273,0.73173904,0.17622578144073486,0.3134905993938446,44.13311570547697,57.42201668480232,72.13229960101559,80.44523032281465,0.7278003,0.18135984241962433,55.619785999274576,71.5904969169387,1546.3065764904022
indore,0.7109762,0.75103474,0.14645852148532867,0.2659495770931244,48.72181964573269,61.81058776167472,76.28992216854536,84.12171229200214,0.7477319,0.15089339017868042,60.223765432098766,76.0047638217928,1276.3488733768463
jaipur,0.7126806,0.72689784,0.15835578739643097,0.2799425721168518,45.828118481435126,59.70483938256154,74.41072173550272,82.34772632457238,0.7260417,0.16219836473464966,58.05433875677931,74.10565289945765,1435.7702827453613
kochi,0.6989941,0.75303876,0.1538211703300476,0.28343087434768677,48.75374411638853,61.767222935387245,75.76486949080017,83.40821566110398,0.74918103,0.15845640003681183,60.25353016688062,75.22999572100984,1527.3272716999054
kolkata,0.71394104,0.67831504,0.1761859953403473,0.3063478171825409,41.52854511970534,55.87476979742173,71.73572744014733,80.51565377532228,0.6774779,0.18086086213588715,53.80294659300184,71.17403314917127,1667.7999589443207
lucknow,0.7034078,0.65264976,0.1738181859254837,0.3107752799987793,45.978634577603145,58.22691552062869,72.38457760314341,80.6237721021611,0.6540015,0.17781084775924683,56.42190569744597,71.8074656188605,1564.909057378769
mumbai,0.70600384,0.6547612,0.1823938488960266,0.3185453414916992,42.20631156512222,56.42557460780737,71.2331265961328,79.61966435607442,0.6566392,0.18434812128543854,55.285479751915354,71.07807369573148,1529.2365293502808
nagpur,0.71220064,0.660205,0.16479289531707764,0.29064202308654785,45.25582424063698,58.142878207018576,73.08316130934827,81.56517251548216,0.66105163,0.1690271943807602,56.39560601592451,72.6150103214391,1039.2405138015747
patna,0.71402705,0.7073391,0.15286552906036377,0.28255465626716614,48.841662481165244,61.75602712204922,75.61526870919137,83.51017076845805,0.7049866,0.1566597819328308,60.29319437468609,75.38925163234555,1689.528989315033
pune,0.71314365,0.7174777,0.16798943281173706,0.29034051299095154,43.325358851674636,56.9377990430622,72.6555023923445,80.92105263157895,0.7168025,0.17193849384784698,54.9481658692185,72.01754385964912,1500.1909227371216
surat,0.72086364,0.7321601,0.1717190444469452,0.29732418060302734,42.408116929189724,57.13778913012629,72.3978288633461,80.979494820491,0.73131686,0.17605718970298767,55.20611607776359,71.91712785582517,1433.6598131656647
visakhapatnam,0.71097565,0.72545254,0.14714859426021576,0.2688599228858948,49.08039936941671,62.588675775091964,76.35641093011036,83.68037309511298,0.7224736,0.15196986496448517,60.62795585916974,75.90974776668419,1319.2764251232147
