prior,I,n,corr_y,corr_log,spearman,r2_log
undir_acc_imp_log,20.0,18286,-0.22812648977612632,-0.26469100993110845,-0.527270434725061,0.07006133073835015
undir_acc_imp_log,50.0,18286,-0.2904322571848045,-0.33432569298774134,-0.516281918227853,0.11177366899173348
undir_acc_imp_log,80.0,18286,-0.32669789088287293,-0.37100445463933596,-0.514029610240686,0.1376443053622311
undir_acc_imp_log,120.0,18286,-0.35768171028123574,-0.4036135067011303,-0.5053313706334563,0.16290386279158334
undir_acc_imp_log,150.0,18286,-0.3851918624534399,-0.42964754701860014,-0.5114056216894982,0.18459701465910022
undir_acc_imp_log,200.0,18286,-0.42381278219489416,-0.46291308383104607,-0.522895608133839,0.2142885231819691
undir_acc_imp_log,250.0,18286,-0.4416615354129543,-0.47634076870800907,-0.5047724537634769,0.22690052793333698
undir_acc_imp_log,300.0,18286,-0.44761223022648416,-0.47975228083900845,-0.4988774483125188,0.23016225097023083
undir_acc_area_log,20.0,18286,-0.2955920617440189,-0.34851076402186837,-0.6442915137567903,0.12145975263910642
undir_acc_area_log,50.0,18286,-0.37163436457456317,-0.4328716835758765,-0.6326822010932491,0.18737789444181377
undir_acc_area_log,80.0,18286,-0.4128956594742908,-0.47364960930282257,-0.623925197103836,0.22434395239271646
undir_acc_area_log,120.0,18286,-0.4454224102594231,-0.5073691602829901,-0.619074864533135,0.25742346480626643
undir_acc_area_log,150.0,18286,-0.47080150033929835,-0.5303827320793248,-0.6090492726284245,0.2813058424879289
undir_acc_area_log,200.0,18286,-0.5039362393398652,-0.5573262974253563,-0.5926540673259442,0.31061260180185674
undir_acc_area_log,250.0,18286,-0.5223107854639064,-0.5709381527751856,-0.5901048679295172,0.3259703742943411
undir_acc_area_log,300.0,18286,-0.5287592768683693,-0.5746218965706021,-0.5881931932259632,0.33019032401839576
drain_ratio_log,20.0,18286,-0.24653514667806803,-0.28380443488266016,-0.7452187537427413,0.08054495725906609
drain_ratio_log,50.0,18286,-0.3058352672718119,-0.3498339874821596,-0.7412468122605882,0.1223838187976678
drain_ratio_log,80.0,18286,-0.3386278793788011,-0.38238983076794675,-0.7409819580676199,0.14622198267473896
drain_ratio_log,120.0,18286,-0.36200915383097104,-0.407528235910495,-0.7266246929812752,0.16607926306432005
drain_ratio_log,150.0,18286,-0.37927282598978973,-0.4226169057066352,-0.7199436419663925,0.17860504898905097
drain_ratio_log,200.0,18286,-0.39951817330174505,-0.43949821332174677,-0.6903210647179197,0.19315867951300764
drain_ratio_log,250.0,18286,-0.41325314323331114,-0.45072707067186035,-0.659879081037986,0.2031548922364362
drain_ratio_log,300.0,18286,-0.4180559277083216,-0.4551999930443917,-0.6500328869709698,0.20720703366761423
depth_peak,20.0,18286,-0.24958646511730684,-0.29063460979499206,-0.6932167743719593,0.08446847641068729
depth_peak,50.0,18286,-0.3126165378298465,-0.3648307727349185,-0.7192250366166635,0.13310149273435773
depth_peak,80.0,18286,-0.3497622597884916,-0.40560446386297333,-0.7176766303556159,0.16451498110557003
depth_peak,120.0,18286,-0.37849084498678714,-0.44012028352040256,-0.7030836382962199,0.19370586396607953
depth_peak,150.0,18286,-0.3996674401723317,-0.4614603479696829,-0.6926676164939014,0.2129456527483008
depth_peak,200.0,18286,-0.42538653431494333,-0.4861235592401523,-0.6581436006184931,0.23631611484831389
depth_peak,250.0,18286,-0.44357440194905945,-0.502425776563813,-0.6342915679187598,0.2524316609557506
depth_peak,300.0,18286,-0.4526682169703894,-0.5113519766361021,-0.6261145725972921,0.2614808440096487
depth_final,20.0,18286,-0.24958646511730684,-0.29063460979499206,-0.6932167743719593,0.08446847641068729
depth_final,50.0,18286,-0.31260952288399557,-0.36482715214749606,-0.7192250366166635,0.13309885094405224
depth_final,80.0,18286,-0.34976131530746596,-0.40560525837670125,-0.7176766303556159,0.1645156256228306
depth_final,120.0,18286,-0.37847425487630776,-0.44011957869378526,-0.7031059165716173,0.19370524354959504
depth_final,150.0,18286,-0.3996412759435499,-0.46145803291389537,-0.6927511274695715,0.21294351614076173
depth_final,200.0,18286,-0.42538379770646395,-0.4861430223616828,-0.6582070666348283,0.23633503819095159
depth_final,250.0,18286,-0.44352718402652824,-0.5023950248145979,-0.634303543211264,0.2524007609584604
depth_final,300.0,18286,-0.45251880095174574,-0.5112727621131441,-0.6261175255150674,0.2613998372788036
depth_norm_only,20.0,18286,-0.029373921459890075,-0.03163397049670919,0.2646310701097882,0.0010007080893866677
depth_norm_only,50.0,18286,-0.05689382236694851,-0.05652255392702671,0.24900659491257734,0.003194799102433642
depth_norm_only,80.0,18286,-0.07141103541010832,-0.06835347719768048,0.2389330540610523,0.004672197845013825
depth_norm_only,120.0,18286,-0.08451935299510725,-0.07721294980761316,0.21464640670016788,0.005961839617992989
depth_norm_only,150.0,18286,-0.09249000486508603,-0.08134918112051347,0.20633986425912385,0.006617689268978105
depth_norm_only,200.0,18286,-0.09827350656494009,-0.07817773404498027,0.1808104974853153,0.006111758100407667
depth_norm_only,250.0,18286,-0.09392686704045795,-0.0661277636858927,0.1572765165296692,0.004372881130097268
depth_norm_only,300.0,18286,-0.09148678558403084,-0.05806770327230368,0.15336143799792032,0.003371858163320307
depth_ratio_model,20.0,18286,-0.21943959849534894,-0.2585171631140103,-0.5339633917753236,0.0668311236245158
depth_ratio_model,50.0,18286,-0.3045412421778343,-0.34853138026034675,-0.5211551353235229,0.12147412302618242
depth_ratio_model,80.0,18286,-0.3377374685250062,-0.3799394433407594,-0.4952275501999327,0.14435398060608612
depth_ratio_model,120.0,18286,-0.3605549285099702,-0.4035192312682836,-0.48561490557595066,0.16282777000334653
depth_ratio_model,150.0,18286,-0.3772897497926231,-0.41736351388797754,-0.46847515297415754,0.17419230272492003
depth_ratio_model,200.0,18286,-0.3965403208639848,-0.4323829879700611,-0.44670312873645446,0.186955048285918
depth_ratio_model,250.0,18286,-0.40994888412780395,-0.44244115338529305,-0.451237650289794,0.19575417420890842
depth_ratio_model,300.0,18286,-0.41461861337513906,-0.44584046104262837,-0.4527242140958472,0.1987737167027034
depth_all_peak,20.0,18286,-0.24971129872542325,-0.290917439410823,-0.7050241778241153,0.08463295655334986
depth_all_peak,50.0,18286,-0.31283360018452555,-0.3653891185287313,-0.7302364205193447,0.13350920793920323
depth_all_peak,80.0,18286,-0.3500646772220878,-0.4063676405401024,-0.7278403362264914,0.16513465927812987
depth_all_peak,120.0,18286,-0.378843272306009,-0.44101087086572577,-0.7118231944988673,0.19449058822174584
depth_all_peak,150.0,18286,-0.4000050137138585,-0.46231736605149304,-0.7006858516507379,0.2137373469527902
depth_all_peak,200.0,18286,-0.4255123040521228,-0.48654407452779047,-0.6645706031590934,0.23672513645810414
depth_all_peak,250.0,18286,-0.4435188922024739,-0.5025589056118902,-0.6401053553349418,0.25256545360982074
depth_all_peak,300.0,18286,-0.452550187407731,-0.5114452136441219,-0.6317734551620776,0.2615762065594815
depth_all_final,20.0,18286,-0.24971129872542325,-0.290917439410823,-0.7050241778241153,0.08463295655334986
depth_all_final,50.0,18286,-0.31282658782740536,-0.36538550815585125,-0.7302364205193447,0.13350656957030962
depth_all_final,80.0,18286,-0.350063732410847,-0.4063684390323845,-0.7278403362264914,0.16513530824161682
depth_all_final,120.0,18286,-0.37882669111549083,-0.4410102277119759,-0.7118454932674179,0.19449002094656884
depth_all_final,150.0,18286,-0.3999788694035991,-0.46231515149350894,-0.700769331293982,0.21373529930046611
depth_all_final,200.0,18286,-0.42550956646020965,-0.48656362564129957,-0.6646340008151991,0.2367441617972067
depth_all_final,250.0,18286,-0.44347159579426054,-0.5025280701626486,-0.6401173140476565,0.25253446130139584
depth_all_final,300.0,18286,-0.4524004541631316,-0.5113657329774665,-0.6317763063696755,0.2614949128635815
log_qcatch,20.0,18286,-0.2658601532681901,-0.30739831751201,-0.5889530352886332,0.09449372560921453
log_qcatch,50.0,18286,-0.34805903317203557,-0.39920476860026766,-0.5778489756962565,0.15936444727319324
log_qcatch,80.0,18286,-0.39277169668868145,-0.4453038932893684,-0.5739677763997049,0.19829555737866922
log_qcatch,120.0,18286,-0.42876094261054093,-0.48467881211739433,-0.5674520406462547,0.23491355091552843
log_qcatch,150.0,18286,-0.45621554272437315,-0.5112410723786921,-0.5700248921169054,0.2613674340869151
log_qcatch,200.0,18286,-0.4928715882773772,-0.5439804074332253,-0.5705736186103564,0.29591468367121776
log_qcatch,250.0,18286,-0.513570454892149,-0.5611864243213582,-0.5511428730082836,0.31493020284259154
log_qcatch,300.0,18286,-0.5216552382926779,-0.567131521493305,-0.5448874240141695,0.3216381626713111
log_qcap_all,20.0,18286,0.31498096569704187,0.3370235823485654,0.6647135828223913,0.11358489505906023
log_qcap_all,50.0,18286,0.4011361206365211,0.42180271194817537,0.6599544438891742,0.1779175278068354
log_qcap_all,80.0,18286,0.4476737672707007,0.4628400715248738,0.6611692258253286,0.21422093180915028
log_qcap_all,120.0,18286,0.4815734375277556,0.4933462993674735,0.6452300014512703,0.24339057109958076
log_qcap_all,150.0,18286,0.503554621502822,0.5102634391059676,0.6397396158502987,0.26036877728824953
log_qcap_all,200.0,18286,0.5234216447700818,0.524334840716103,0.6067795256742804,0.27492702518878115
log_qcap_all,250.0,18286,0.5276870797957368,0.5284246735508623,0.5732738319478543,0.2792326356173354
log_qcap_all,300.0,18286,0.5277499996541177,0.5284287374339646,0.56272154745768,0.27923693054605386
log_local_qrun,20.0,18286,0.059535641913645486,0.06469089991768809,0.1589480222425974,0.0041849125321603365
log_local_qrun,50.0,18286,0.06652797380666553,0.0689349035704049,0.15801510988495907,0.004752020930261022
log_local_qrun,80.0,18286,0.0645333745436457,0.06483362315007832,0.14685567428707627,0.004203398690766371
log_local_qrun,120.0,18286,0.05718887861641796,0.056897400303639184,0.1365004162231006,0.0032373141613125603
log_local_qrun,150.0,18286,0.043756854746982765,0.04385482628834535,0.1122093185508216,0.0019232457887809462
log_local_qrun,200.0,18286,0.02257956050014592,0.026109718827216192,0.024940194741104687,0.0006817174172362877
log_local_qrun,250.0,18286,0.018352893003817393,0.023086178583708303,0.012925120773458492,0.0005329716415988719
log_local_qrun,300.0,18286,0.01730407870580119,0.022683465348690708,0.011973240442150077,0.000514539600225252
rim_depth,20.0,18286,0.2574160584600698,0.3065677310961695,0.6461453639802912,0.09398377374945331
rim_depth,50.0,18286,0.36228972228800593,0.41764322366864787,0.6422636597832323,0.17442586227634024
rim_depth,80.0,18286,0.4254796167725304,0.4755725495588241,0.6440227913996802,0.2261692498938802
rim_depth,120.0,18286,0.4810525316989637,0.5223144569630056,0.625455774788559,0.2728123919525594
rim_depth,150.0,18286,0.5131458719068648,0.547210833766312,0.6235309412196727,0.2994396965912223
rim_depth,200.0,18286,0.5466172415599305,0.5696669566435173,0.5984145921435953,0.324520441491487
rim_depth,250.0,18286,0.5587810108770327,0.5767331552895538,0.5761866697311863,0.3326211324102446
rim_depth,300.0,18286,0.5625782272808327,0.5779233231306029,0.571621449387024,0.33399536741831926
tc_sink,20.0,18286,-0.0009948498473180305,0.12458932044892553,0.44333985045723917,0.015522498769925052
tc_sink,50.0,18286,-0.006247849810550054,0.15233646559648725,0.42742711806060096,0.023206398750429746
tc_sink,80.0,18286,-0.0073359515475000985,0.16935501424134855,0.4145634543866595,0.02868112084868737
tc_sink,120.0,18286,-0.007562959563288972,0.18621190008547095,0.3857825962390797,0.034674871733441415
tc_sink,150.0,18286,-0.00908485316104961,0.19507072577673285,0.37365083683702727,0.0380525880550613
tc_sink,200.0,18286,-0.008450057367552428,0.212623532384887,0.3372698528624299,0.04520876652382708
tc_sink,250.0,18286,-0.0002846813024360551,0.23297533381627908,0.3118678516038857,0.05427750616680667
tc_sink,300.0,18286,0.0041433231486821985,0.24443537151646766,0.31000137175338727,0.05974865084839357
sink_drop,20.0,18286,,,,
sink_drop,50.0,18286,,,,
sink_drop,80.0,18286,,,,
sink_drop,120.0,18286,,,,
sink_drop,150.0,18286,,,,
sink_drop,200.0,18286,,,,
sink_drop,250.0,18286,,,,
sink_drop,300.0,18286,,,,
sink_grad,20.0,18286,,,,
sink_grad,50.0,18286,,,,
sink_grad,80.0,18286,,,,
sink_grad,120.0,18286,,,,
sink_grad,150.0,18286,,,,
sink_grad,200.0,18286,,,,
sink_grad,250.0,18286,,,,
sink_grad,300.0,18286,,,,
old_manning,20.0,18286,-0.15949386871978827,-0.2004393687582659,-0.16949128098634808,0.0401759405482121
old_manning,50.0,18286,-0.18781409288650316,-0.23716117892666527,-0.17088580699282738,0.05624542478988574
old_manning,80.0,18286,-0.19155704697707476,-0.2375904364335508,-0.17193928627682487,0.05644921548468514
old_manning,120.0,18286,-0.17845543963090274,-0.2206097764464539,-0.16935057528981984,0.04866867346375437
old_manning,150.0,18286,-0.17290020207335183,-0.20777551597797145,-0.16436480054831284,0.04317066503991227
old_manning,200.0,18286,-0.14353326468519864,-0.16764322644763827,-0.16502080618550877,0.028104251373774123
old_manning,250.0,18286,-0.12363833953397382,-0.1431715630138327,-0.16401288203330916,0.020498096455823865
old_manning,300.0,18286,-0.11301600811234265,-0.13123937406126093,-0.15687050363982247,0.01722377330399157
x_log_area(directed),20.0,18286,-0.24603755031356217,-0.2989777998991354,-0.36594424544955545,0.08938772483252747
x_log_area(directed),50.0,18286,-0.2939574695618651,-0.3438787595541939,-0.347896402985996,0.1182526012725311
x_log_area(directed),80.0,18286,-0.29759383509525367,-0.34153638706270306,-0.33167215228315217,0.11664710368784452
x_log_area(directed),120.0,18286,-0.2808354770207811,-0.32018406530602883,-0.3142651765214698,0.10251783567589534
x_log_area(directed),150.0,18286,-0.2722312661134867,-0.3036363598470803,-0.2901209310276475,0.09219503902118564
x_log_area(directed),200.0,18286,-0.2407934238833039,-0.2620971521867411,-0.2560354108382519,0.06869491718439974
x_log_area(directed),250.0,18286,-0.23262574336079828,-0.24896852858737206,-0.2436164960038054,0.0619853282269611
x_log_area(directed),300.0,18286,-0.22959362885845422,-0.24365743918638075,-0.23848098944253315,0.059368947670864834
x_log_imp_area(directed),20.0,18286,-0.22162316773332638,-0.2686142316686111,-0.32659272171713966,0.07215360545491827
x_log_imp_area(directed),50.0,18286,-0.26429859666629296,-0.30923382919929887,-0.30770450538434835,0.09562556112126115
x_log_imp_area(directed),80.0,18286,-0.266055480270213,-0.3062177656948748,-0.2922289838578089,0.09376932002716123
x_log_imp_area(directed),120.0,18286,-0.24862632094643897,-0.28520458448179387,-0.2717885292660636,0.08134165500943269
x_log_imp_area(directed),150.0,18286,-0.2426851983628205,-0.2721593074858749,-0.2528992457094294,0.07407068865119101
x_log_imp_area(directed),200.0,18286,-0.21689271799202284,-0.23682711107209106,-0.23424817184134752,0.056087080538752554
x_log_imp_area(directed),250.0,18286,-0.21153674969230266,-0.22669811262963102,-0.2240175607312027,0.05139203426983687
x_log_imp_area(directed),300.0,18286,-0.2090609455368032,-0.22197836499056572,-0.21915433857544006,0.04927439452388482
